0.019435,46,208,583,0.00012207,1,1,5578144
0.022648,192,950,450,0.00195312,0.00195312,2,82080000
0.023357,553,787,541,3.81E-06,0.000488281,3,235449151
0.001092,154,74,121,0.015625,0.5,3,1378916
0.001271,960,434,37,0.00195312,0.0078125,5,15415680
0.058343,563,176,393,0.125,3.05E-05,4,38941584
0.007675,73,787,234,0.000488281,6.10E-05,3,13443534
0.096275,579,128,645,0.125,0.25,3,47802240
0.002128,136,379,57,0.015625,1,5,2938008
0.053252,708,895,1022,0.000488281,0.00012207,1,647600520
0.159115,658,965,829,0.015625,0.5,1,526390130
0.003599,191,198,366,0.000976562,0.000488281,5,13841388
0.047205,331,818,837,0.000488281,0.000244141,4,226624446
4.90E-05,696,495,2,3.05E-05,0.5,4,689040
0.004099,878,155,224,0.00195312,0.00195312,3,30484160
0.017644,499,525,436,0.00390625,0.000244141,2,114221100
0.013645,338,524,301,0.00390625,0.00195312,6,53310712
0.031388,815,211,742,0.0078125,0.125,2,127598030
0.033256,219,1002,637,0.00195312,0.015625,3,139782006
0.570728,577,517,270,0.5,0.00195312,3,80543430
0.023589,210,1019,553,7.63E-06,3.05E-05,4,118336470
0.786863,310,809,945,0.25,0.00012207,3,236996550
0.002639,458,185,256,0.00012207,0.00195312,5,21690880
0.615512,345,281,1014,0.5,0.000976562,5,98302230
0.036679,647,1003,804,6.10E-05,7.63E-06,6,521748564
0.005844,56,642,108,0.03125,0.5,6,3882816
0.306099,646,142,481,0.5,0.000244141,5,44123092
0.005511,997,99,490,0.000244141,0.0078125,3,48364470
0.002874,607,497,122,3.05E-05,0.03125,4,36804838
0.05682,525,434,302,0.0625,0.00390625,1,68810700
0.009103,773,298,439,7.63E-06,6.10E-05,1,101125406
1.24088,913,627,596,0.25,7.63E-06,5,341180796
0.009687,279,459,424,0.000244141,0.5,4,54297864
0.023666,318,199,433,0.0625,6.10E-05,4,27401106
0.006587,587,230,428,0.000976562,0.0078125,6,57784280
0.000227,581,743,11,1,0.00195312,6,4748513
0.065553,868,639,701,0.0078125,0.00195312,5,388811052
0.020356,754,203,311,0.03125,0.00195312,2,47602282
0.007809,138,181,867,0.00195312,0.00390625,4,21655926
0.016916,579,830,24,0.125,0.5,1,11533680
0.000299,395,284,21,0.000488281,0.00390625,1,2355780
0.043588,701,650,556,0.0078125,0.00390625,2,253341400
0.007686,241,904,199,0.00012207,0.000976562,6,43354936
0.005035,820,406,160,7.63E-06,0.000976562,6,53267200
0.087651,200,168,1024,0.125,0.25,2,34406400
0.122035,49,662,573,0.5,1.53E-05,2,18586974
0.215244,752,873,703,0.03125,6.10E-05,5,461516688
0.022385,892,254,655,0.00390625,0.000976562,3,148402040
0.00049,102,208,40,0.0078125,0.0078125,5,848640
0.008195,147,943,180,0.00195312,0.0625,2,24951780
0.006914,887,958,109,1.53E-05,0.0078125,3,92622314
0.24471,523,506,901,0.0625,0.000488281,3,238438838
0.008206,578,802,235,1.53E-05,3.05E-05,5,108935660
0.018134,994,973,343,0.000244141,0.00390625,2,331736566
0.060771,622,771,674,0.0078125,0.25,2,323224788
0.007054,42,208,532,0.000488281,0.000488281,5,4647552
0.010461,310,284,787,1.53E-05,0.000488281,2,69287480
0.013403,777,438,361,0.00195312,1.53E-05,3,122857686
0.003072,278,274,174,3.05E-05,0.5,3,13253928
0.026488,679,110,982,0.0078125,0.000244141,4,73345580
0.000789,107,3,431,0.125,0.0078125,5,138351
0.005018,403,265,370,3.05E-05,0.00195312,3,39514150
0.018594,79,835,476,0.000244141,3.05E-05,2,31399340
0.009621,384,130,859,0.000976562,0.015625,5,42881280
0.018328,721,246,679,0.000976562,0.03125,3,120431514
0.033151,968,1014,348,0.000976562,0.0078125,4,341580096
0.017329,1007,478,488,0.000244141,0.25,1,234896848
0.014509,358,935,365,7.63E-06,6.10E-05,4,122176450
0.041626,383,412,758,0.0078125,0.0625,3,119609368
0.025271,190,660,759,0.000976562,0.125,1,95178600
0.002248,241,32,332,0.03125,0.00390625,1,2560384
0.016802,761,265,530,0.000488281,0.00390625,3,106882450
0.012037,690,268,448,0.000976562,0.00390625,5,82844160
0.007563,401,647,263,0.00012207,0.015625,6,68234561
0.00121,83,67,301,0.0078125,0.125,1,1673861
0.038278,660,898,861,3.81E-06,0.0625,4,510297480
0.023438,389,792,427,0.00390625,0.0078125,6,131553576
0.024597,947,743,684,1.53E-05,3.81E-06,4,481276764
0.025264,1020,1002,434,6.10E-05,0.000488281,4,443565360
0.02864,886,810,749,7.63E-06,0.03125,6,537527340
0.00258,59,411,82,0.03125,0.000488281,1,1988418
0.020999,435,127,251,0.125,0.0078125,2,13866495
0.024526,6,540,809,0.000488281,0.00390625,5,2621160
0.42303,208,730,494,0.5,1,3,75008960
0.002632,717,22,462,0.00195312,0.125,1,7287588
0.024525,188,905,624,0.000244141,3.05E-05,4,106167360
0.014786,555,89,948,0.015625,0.000488281,5,46826460
0.098001,328,396,961,0.03125,1.53E-05,5,124822368
0.012072,64,894,321,0.00012207,7.63E-06,5,18366336
0.000163,666,227,13,6.10E-05,0.0625,6,1965366
0.032079,191,967,807,6.10E-05,7.63E-06,6,149050479
0.021681,775,689,468,6.10E-05,0.00012207,1,249900300
0.020069,874,794,531,7.63E-06,7.63E-06,1,368490636
0.001847,235,284,105,0.00390625,0.000976562,5,7007700
0.00612,841,57,641,3.05E-05,0.000244141,6,30727617
0.009438,366,252,516,0.000244141,0.03125,2,47591712
0.014509,210,138,1001,0.0078125,1.53E-05,3,29008980
0.048188,801,1011,823,7.63E-06,0.00195312,4,666474453
0.039734,352,577,835,0.0078125,0.0078125,4,169591840
4.04266,959,721,864,0.5,0.000976562,1,597403296
0.016959,8,536,737,0.015625,1,6,3160256
0.011512,323,752,144,0.015625,1,3,34977024
0.002855,882,190,13,0.0625,0.125,1,2178540
0.004077,705,471,536,1,6.10E-05,5,177981480
0.001836,77,18,965,0.00390625,0.00195312,6,1337490
0.034367,259,196,143,0.25,0.0625,6,7259252
0.002619,731,602,39,0.00390625,0.00195312,2,17162418
0.01452,613,745,996,1,0.000488281,5,454858260
0.004024,845,530,8,0.0625,0.5,6,3582800
0.006041,859,452,203,3.81E-06,0.00012207,1,78818404
0.005547,804,707,399,1,0.000244141,5,226802772
0.01356,280,490,504,0.00195312,0.03125,2,69148800
0.029394,237,573,389,0.015625,0.0078125,5,52826589
0.076466,312,446,535,0.0625,0.5,5,74446320
0.006309,13,749,137,0.03125,3.05E-05,2,1333969
0.040738,981,723,696,3.05E-05,1,5,493647048
1.22652,713,327,800,0.5,0.015625,3,186520800
0.002867,946,11,174,0.015625,1,5,1810644
0.000968,620,33,131,0.000976562,0.0625,2,2680260
0.054767,850,933,660,0.00195312,0.25,1,523413000
0.026175,298,674,766,0.000976562,0.00195312,5,153852632
0.017715,126,747,321,0.015625,0.000976562,5,30213162
0.004913,409,32,423,0.03125,0.03125,6,5536224
0.009957,621,406,348,0.00195312,0.000244141,6,87739848
0.01423,285,509,308,0.00390625,3.05E-05,6,44680020
0.04282,533,850,1023,3.05E-05,0.0625,4,463470150
0.0045,297,847,795,1,0.000976562,6,199989405
0.006771,682,276,433,6.10E-05,6.10E-05,4,81504456
0.007762,98,633,272,0.00195312,0.000976562,3,16873248
0.067507,123,304,302,0.5,0.03125,2,11292384
0.003022,193,72,564,0.00012207,0.000488281,3,7837344
0.005449,297,9,603,0.125,0.000976562,2,1611819
0.049398,184,400,344,0.125,0.00390625,6,25318400
0.016961,51,996,402,6.10E-05,1.53E-05,3,20419992
0.001655,880,46,278,6.10E-05,0.000976562,3,11253440
3.49684,649,1021,783,0.5,1.53E-05,4,518838507
0.302406,518,961,693,0.0625,0.0078125,4,344974014
0.018316,218,331,804,0.00390625,0.25,1,58015032
0.112226,79,320,975,0.25,1,1,24648000
0.015601,129,600,585,0.000244141,0.015625,5,45279000
0.026748,150,966,486,0.000976562,0.25,4,70421400
0.006489,683,265,308,0.000244141,0.00195312,3,55746460
0.002087,482,835,51,3.81E-06,1,5,20525970
0.006717,531,561,266,6.10E-05,0.000976562,4,79239006
0.014009,836,462,578,0.00012207,0.5,5,223242096
0.003222,112,643,112,0.000488281,0.000488281,3,8065792
0.025498,20,941,673,0.00012207,0.000976562,2,12665860
0.019093,504,462,367,0.00390625,1,1,85455216
0.158798,857,547,109,0.25,0.125,5,51096911
0.05826,721,834,822,0.00195312,0.0625,4,494280108
0.004884,484,52,859,0.000488281,0.000976562,1,21619312
0.013801,302,846,372,3.05E-05,1,2,95043024
0.03277,334,628,472,0.015625,0.000976562,5,99002944
0.014585,838,538,194,0.00390625,0.00012207,3,87463736
0.010135,687,322,587,3.05E-05,0.03125,3,129852618
0.02952,940,112,952,0.015625,0.00012207,4,100226560
0.011904,737,689,247,0.000976562,0.015625,2,125424871
0.001836,624,195,176,6.10E-05,0.5,3,21415680
0.015548,186,686,375,0.00012207,0.125,5,47848500
0.018606,832,726,498,3.81E-06,0.125,4,300807936
0.012349,507,369,698,3.05E-05,7.63E-06,5,130583934
0.013758,880,199,184,0.03125,0.000976562,1,32222080
0.008708,701,286,600,7.63E-06,0.25,5,120291600
0.011705,486,294,836,1.53E-05,0.03125,2,119451024
0.01367,678,127,885,0.00195312,0.0625,6,76203810
0.030184,347,362,148,0.125,0.015625,5,18590872
0.018181,35,780,532,0.00390625,0.000976562,1,14523600
0.002466,603,15,249,0.0625,0.125,5,2252205
0.043342,685,1020,682,0.000976562,0.015625,5,476513400
0.000313,91,283,15,0.0078125,0.03125,2,386295
0.977651,733,711,524,0.25,0.00390625,1,273089412
0.004358,245,122,537,0.00390625,0.0625,4,16050930
0.022428,213,401,416,0.03125,0.00195312,4,35531808
0.004411,94,199,431,0.00390625,0.00012207,6,8062286
0.037425,213,579,461,0.03125,0.03125,3,56853747
0.012301,1008,475,510,3.81E-06,0.000976562,4,244188000
0.007279,51,825,154,0.015625,0.00195312,4,6479550
0.019084,764,394,526,0.00390625,1.53E-05,6,158334416
0.002633,1006,673,84,1.53E-05,0.0625,6,56871192
0.07035,955,859,600,0.0078125,1.53E-05,6,492207000
0.005027,575,506,207,3.05E-05,0.000488281,5,60226650
0.036796,706,438,454,0.015625,1,4,140389512
0.016903,820,550,446,0.000244141,0.5,4,201146000
0.035137,847,949,799,1.53E-05,7.63E-06,3,642238597
0.020467,857,520,781,3.05E-05,7.63E-06,4,348044840
0.227185,470,338,931,0.125,0.000976562,6,147898660
0.801118,539,283,878,0.5,0.125,6,133927486
0.030277,931,354,975,0.00195312,3.81E-06,2,321334650
0.007173,574,62,978,0.000976562,0.000244141,5,34805064
0.000706,585,760,10,1,0.015625,2,4446000
0.46914,205,480,779,0.5,1.53E-05,2,76653600
0.034033,603,205,963,0.015625,3.05E-05,5,119041245
0.026788,80,741,883,6.10E-05,1,2,52344240
0.043423,312,272,990,0.03125,1.53E-05,1,84015360
0.009699,754,232,495,0.00195312,0.00012207,4,86589360
0.033132,356,874,530,0.00390625,0.015625,4,164906320
0.01398,515,836,370,0.00012207,0.00390625,6,159299800
0.031288,548,426,617,0.00390625,0.03125,6,144037416
0.023044,241,301,202,0.125,0.25,2,14653282
0.101377,113,715,516,0.125,0.000244141,5,41690220
0.019393,154,633,744,0.00012207,0.000244141,2,72526608
0.002716,704,106,130,0.015625,0.00012207,3,9701120
0.019007,351,254,598,0.015625,0.00390625,3,53314092
0.010447,823,457,443,3.05E-05,0.000488281,6,166617173
0.083307,90,345,636,0.25,3.05E-05,2,19747800
0.08969,987,801,724,0.0078125,0.25,1,572384988
0.011795,236,262,948,0.000488281,0.0625,2,58616736
0.002563,646,738,67,3.05E-05,0.015625,2,31942116
0.090903,1007,126,917,0.0625,3.05E-05,4,116350794
0.02473,302,873,658,0.000244141,0.015625,6,173479068
0.001459,381,1,672,0.0625,0.125,6,256032
0.027338,168,114,1017,0.0625,0.015625,3,19477584
0.027179,36,603,184,0.5,0.000488281,3,3994272
0.00712,473,225,617,1.53E-05,0.25,3,65664225
0.02665,977,804,658,3.05E-05,0.03125,6,516864264
0.016755,490,445,170,0.03125,1,6,37068500
0.01357,462,579,518,6.10E-05,1.53E-05,5,138563964
0.040773,713,641,117,0.0625,0.00195312,2,53472861
0.07452,640,879,958,0.00390625,0.00390625,6,538932480
0.001001,727,1013,23,7.63E-06,0.000488281,2,16938373
0.015753,734,387,632,3.05E-05,1,1,179524656
0.014394,1017,172,454,0.0078125,0.0078125,1,79415496
0.004357,115,184,546,0.000244141,0.25,4,11553360
0.078225,368,547,69,0.5,0.5,6,13889424
0.358753,427,274,527,0.5,1.53E-05,5,61657946
0.001143,252,104,156,6.10E-05,0.015625,5,4088448
0.032323,326,507,234,0.0625,0.0078125,4,38675988
0.002881,345,922,74,0.00012207,0.00012207,6,23538660
0.064493,484,640,337,0.03125,0.000976562,5,104389120
0.018613,725,596,605,0.00012207,0.0625,3,261420500
0.002396,293,227,552,1,0.000488281,4,36714072
0.025694,117,1021,611,6.10E-05,1.53E-05,1,72988227
0.004344,217,329,293,0.000244141,0.00390625,1,20918149
0.020687,638,757,329,0.000976562,0.125,6,158895814
0.276567,971,314,128,0.5,0.0078125,1,39026432
0.022843,724,556,873,7.63E-06,3.05E-05,6,351420912
0.01871,10,366,837,0.125,0.25,2,3063420
1.70E-05,364,22,1,0.125,0.5,4,8008
0.017534,248,498,836,3.05E-05,3.81E-06,5,103249344
0.085973,658,445,981,0.015625,0.000488281,1,287246610
0.005472,899,19,945,0.000244141,0.03125,2,16141545
0.004614,94,278,400,0.00012207,1.53E-05,3,10452800
0.000483,4,15,606,0.03125,0.000976562,4,36360
0.007333,342,311,460,0.000244141,0.0625,6,48926520
0.009269,713,138,626,0.000244141,3.05E-05,5,61594644
0.01543,329,716,378,0.00195312,0.125,3,89043192
0.048006,986,344,599,0.015625,0.5,4,203171216
0.033933,529,956,708,0.000488281,0.25,1,358052592
0.006981,504,118,643,0.000976562,0.03125,5,38240496
0.034274,779,966,414,0.00390625,0.25,2,311540796
0.003121,105,79,712,0.00390625,0.000976562,6,5906040
0.004524,459,589,161,3.81E-06,0.000244141,1,43526511
0.000254,399,25,57,0.015625,0.015625,6,568575
0.012838,446,242,769,0.00195312,1.53E-05,3,82999708
0.017563,197,472,889,3.05E-05,7.63E-06,2,82662776
0.009772,267,903,261,7.63E-06,0.000976562,1,62927361
0.003916,511,58,639,0.000976562,0.000244141,6,18938682
0.011224,786,118,984,0.000488281,1.53E-05,2,91264032
0.230114,730,457,897,0.0625,1,3,299248170
0.029366,644,898,501,0.00195312,0.000244141,6,289734312
0.932999,710,419,551,0.5,1,2,163916990
0.032594,920,453,732,1,0.0078125,3,305068320
0.013138,689,771,386,1.91E-06,0.00390625,3,205050534
0.054318,889,198,149,0.125,0.015625,1,26227278
0.652572,744,622,262,0.5,1,1,121245216
0.048113,778,639,30,0.25,0.015625,2,14914260
0.02184,193,501,825,0.000976562,0.25,6,79771725
0.021135,325,728,521,0.00195312,3.05E-05,4,123268600
0.039179,897,181,910,0.015625,0.00195312,2,147744870
0.020378,962,399,813,0.000244141,3.05E-05,1,312060294
0.044187,36,860,974,0.015625,0.015625,2,30155040
0.00553,710,380,189,0.000976562,1,2,50992200
0.000311,9,899,552,1,0.000488281,3,4466232
0.013157,74,515,251,0.0625,3.05E-05,1,9565610
0.024626,68,969,525,0.000488281,7.63E-06,4,34593300
0.003827,49,112,733,0.00390625,0.00012207,3,4022704
0.022057,491,995,383,6.10E-05,0.00012207,5,187112735
0.013166,957,30,556,0.00195312,1,3,15962760
0.000967,529,989,23,1.53E-05,0.000488281,5,12033163
0.020682,937,696,428,0.000976562,7.63E-06,2,279121056
0.047708,281,299,964,0.03125,0.00195312,5,80994316
0.024393,618,715,614,6.10E-05,3.81E-06,3,271308180
0.031421,32,255,412,0.5,0.03125,2,3361920
0.017466,684,289,777,0.00195312,0.00390625,3,153594252
0.16966,117,635,386,0.5,7.63E-06,3,28677870
0.031429,15,772,711,0.000488281,6.10E-05,5,8233380
0.040604,996,987,347,0.00390625,1.53E-05,3,341119044
0.281809,180,981,744,1,1,3,131375520
0.004315,388,259,271,0.00195312,3.05E-05,5,27233332
0.031423,745,861,807,1.53E-05,1.91E-06,5,517646115
0.032877,802,680,880,0.000244141,6.10E-05,6,479916800
0.011144,504,248,843,3.05E-05,0.000976562,4,105368256
0.01636,150,844,457,0.000488281,1.53E-05,6,57856200
0.004433,435,371,258,3.05E-05,0.00390625,6,41637330
0.003673,740,77,213,0.015625,0.000488281,4,12136740
0.02031,132,421,858,0.000244141,0.0625,6,47680776
0.039494,381,471,712,0.015625,0.000244141,4,127769112
0.023669,632,369,998,0.000976562,0.000488281,6,232741584
0.048394,193,633,922,0.015625,0.03125,1,112639818
0.002336,981,935,40,0.000976562,0.00195312,6,36689400
0.019566,742,632,442,0.00195312,0.03125,2,207273248
0.006807,965,278,426,1.53E-05,0.0625,3,114283020
0.001735,763,213,126,7.63E-06,1,1,20477394
0.002518,203,925,275,1,0.00390625,5,51638125
0.015387,764,549,596,7.63E-06,3.05E-05,2,249983856
0.007232,760,165,649,0.00012207,0.000976562,5,81384600
1.01607,834,606,370,0.5,1,5,186999480
0.003186,585,324,208,7.63E-06,6.10E-05,2,39424320
0.074195,278,986,310,0.0625,0.000244141,5,84973480
0.003937,231,495,188,1.53E-05,0.00012207,2,21496860
0.017593,227,817,517,6.10E-05,3.05E-05,2,95882303
0.031538,936,300,940,0.00390625,0.125,2,263952000
0.027181,364,430,1014,1.53E-05,0.000488281,6,158711280
0.043494,619,1006,977,6.10E-05,0.00390625,3,608391578
0.107487,755,722,140,0.125,0.00012207,5,76315400
0.170665,668,783,781,0.03125,0.015625,1,408497364
0.006631,459,961,1009,1,0.000488281,6,445068891
0.087964,519,639,960,0.015625,3.81E-06,4,318375360
0.011546,93,424,486,0.0078125,6.10E-05,5,19163952
0.008561,441,257,546,0.000976562,0.00012207,1,61882002
0.126005,548,736,111,0.25,0.00012207,1,44769408
0.004866,944,100,347,0.00390625,3.05E-05,5,32756800
0.034009,112,969,855,0.00012207,6.10E-05,2,92791440
0.012288,638,220,882,0.000488281,0.015625,6,123797520
0.009996,707,846,142,0.00390625,0.000244141,3,84933324
0.016281,763,499,410,0.00195312,1,6,156102170
0.023485,898,554,866,1.53E-05,0.125,5,430828072
0.057347,747,628,1017,0.00390625,6.10E-05,2,477090972
0.004631,513,310,266,0.00012207,1,5,42301980
0.021434,701,811,608,7.63E-06,3.05E-05,6,345654688
0.784794,845,762,896,0.125,1,2,576925440
0.023355,398,731,548,0.00195312,0.125,4,159434024
0.001089,96,990,27,0.000244141,6.10E-05,3,2566080
0.171769,414,584,886,0.0625,0.000976562,6,214213536
0.006297,718,192,417,0.000976562,0.00012207,2,57485952
0.141218,227,782,271,0.25,0.000244141,4,48106294
0.014894,308,414,77,0.125,0.015625,1,9818424
0.061199,244,471,980,0.03125,0.015625,1,112625520
2.73983,625,974,796,0.5,0.0078125,6,484565000
0.010573,803,738,323,1.91E-06,0.000976562,4,191414322
0.006184,752,63,632,0.00390625,0.0078125,5,29941632
0.011041,423,710,368,7.63E-06,1.53E-05,4,110521440
0.001188,391,465,266,1,0.000976562,5,48362790
0.085776,508,905,691,0.015625,0.03125,4,317680340
0.00358,148,86,824,0.000488281,0.000976562,4,10487872
0.006246,751,531,236,0.000244141,0.5,6,94112316
0.004455,244,160,574,0.00012207,0.00012207,5,22408960
0.003385,925,151,236,0.000976562,0.5,5,32963300
0.000532,539,5,56,0.25,0.5,1,150920
0.004985,364,1015,100,0.000976562,0.25,1,36946000
0.008996,645,960,218,1.53E-05,0.125,5,134985600
0.00685,970,941,163,3.81E-06,0.015625,5,148781510
0.006719,148,101,639,0.03125,0.03125,6,9551772
0.024383,581,736,666,0.000488281,0.000976562,6,284792256
0.308078,307,345,997,0.25,0.0078125,6,105597255
0.003644,369,254,293,0.000244141,0.0625,6,27461718
0.125247,237,178,517,0.5,1.53E-05,1,21810162
0.04808,568,933,352,0.015625,0.25,6,186540288
0.017399,838,956,392,0.00012207,0.000976562,2,314042176
0.08168,369,319,851,0.0625,0.5,4,100172061
0.003834,301,487,161,0.000976562,0.00012207,3,23600507
0.027328,932,720,809,1.53E-05,0.125,4,542871360
0.026727,676,449,703,0.00390625,6.10E-05,1,213377372
0.144102,490,730,265,0.125,0.125,5,94790500
0.170712,545,685,315,0.125,0.25,4,117597375
0.054043,517,335,550,0.03125,0.0078125,2,95257250
0.008728,533,753,266,6.10E-05,0.0625,4,106758834
0.024103,965,982,565,3.81E-06,0.000244141,3,535410950
0.023828,105,420,972,0.0078125,3.05E-05,3,42865200
0.008544,502,312,587,6.10E-05,0.25,5,91938288
0.046216,691,264,604,0.03125,0.000976562,4,110184096
0.021033,826,776,725,1,0.00390625,2,464707600
0.050403,509,876,21,0.5,0.000244141,4,9363564
0.009706,606,709,317,3.05E-05,0.000244141,6,136200318
0.01963,515,550,802,0.00012207,7.63E-06,6,227166500
0.011417,12,333,860,0.000976562,3.81E-06,1,3436560
0.007912,485,760,245,3.05E-05,1.53E-05,1,90307000
0.032068,153,990,807,7.63E-06,1.91E-06,1,122236290
0.089087,590,902,976,0.0078125,0.00012207,6,519407680
0.023618,23,636,907,0.000976562,7.63E-06,1,13267596
0.003979,138,578,920,1,0.00390625,3,73382880
1.09461,897,730,300,0.5,0.000244141,2,196443000
0.015935,629,317,603,0.00390625,0.00012207,1,120233979
0.001105,229,594,50,1,0.015625,3,6801300
0.002435,807,657,86,7.63E-06,0.00390625,4,45597114
0.000245,27,222,297,1,0.00390625,6,1780218
0.084975,612,871,958,0.0078125,0.0625,2,510663816
0.012489,676,840,353,7.63E-06,0.000244141,6,200447520
0.015309,889,1003,361,1.53E-05,0.000488281,3,321891787
0.002726,488,13,687,0.015625,0.000244141,2,4358328
0.004391,488,914,105,0.000488281,0.5,3,46833360
1.02973,514,954,754,0.25,0.000488281,6,369728424
0.004354,135,372,256,0.00195312,0.015625,2,12856320
0.006371,721,745,196,3.81E-06,1.53E-05,6,105280420
0.002085,602,461,104,7.63E-06,0.00012207,6,28862288
0.002492,867,424,30,0.015625,0.015625,4,11028240
0.018572,830,897,462,3.05E-05,0.00195312,3,343963620
0.079468,878,322,707,0.03125,3.05E-05,5,199880212
0.001782,1017,881,28,0.00195312,0.03125,4,25087356
0.000897,635,571,28,0.000976562,0.5,3,10152380
0.012175,587,266,288,0.015625,1,5,44968896
0.077469,251,354,1020,0.0625,1.53E-05,3,90631080
0.023783,635,979,589,3.81E-06,6.10E-05,2,366160685
0.002984,430,631,100,0.000488281,1,4,27133000
0.028453,850,293,726,0.0078125,0.5,5,180810300
0.020521,601,456,998,1.53E-05,0.015625,5,273507888
0.011575,25,732,400,0.000488281,0.5,6,7320000
1.11476,521,914,848,0.25,0.5,2,403812512
0.136948,756,471,955,0.03125,0.00390625,5,340052580
0.000453,5,202,57,0.00390625,0.000244141,1,57570
0.016286,816,870,270,0.00195312,0.00195312,1,191678400
0.990008,793,761,304,0.5,0.00195312,1,183455792
0.024229,956,411,833,0.000976562,0.25,6,327299028
0.003866,842,793,533,1,7.63E-06,5,355887298
0.018451,20,698,506,0.03125,0.5,2,7063760
0.000951,494,533,42,3.05E-05,0.0078125,3,11058684
0.025722,837,437,910,0.000976562,0.000244141,5,332849790
0.049248,824,616,893,0.00390625,0.000244141,4,453272512
0.003401,243,113,631,0.00012207,0.000976562,5,17326629
0.00267,217,657,99,0.000244141,6.10E-05,5,14114331
0.061457,254,423,377,0.125,0.000488281,1,40505634
0.007559,476,339,352,0.00195312,6.10E-05,3,56800128
0.008202,554,249,659,1.53E-05,0.00390625,3,90906414
0.000263,333,318,80,1,0.000976562,2,8471520
0.027759,506,416,912,0.00390625,0.00012207,4,191972352
0.04887,418,129,322,0.25,0.0078125,2,17362884
0.008823,477,342,571,3.05E-05,0.0078125,1,93149514
0.024497,792,223,189,0.0625,0.25,6,33380424
0.409475,736,477,425,0.25,1.53E-05,1,149205600
0.0316,946,116,673,0.03125,0.25,2,73852328
0.008717,685,243,306,0.0078125,6.10E-05,1,50935230
0.018445,620,617,620,0.00012207,0.00390625,4,237174800
0.003593,73,225,390,0.000244141,0.0078125,5,6405750
0.001748,202,27,916,0.000488281,0.25,5,4995864
0.001754,60,726,614,1,0.00390625,1,26745840
0.163162,905,545,454,0.0625,0.000244141,3,223924150
0.082115,997,969,843,0.00390625,0.25,1,814416399
0.015905,233,731,477,0.000976562,0.000244141,4,81244071
0.004257,669,252,330,0.00012207,0.0078125,2,55634040
0.035178,231,728,849,0.00390625,0.0078125,2,142774632
0.063713,975,1000,669,0.00390625,0.00012207,6,652275000
0.061241,151,690,183,0.25,1,4,19066770
0.013422,951,189,906,0.000488281,7.63E-06,6,162843534
0.286184,794,1020,65,0.5,0.25,2,52642200
0.195381,403,480,172,0.5,0.0625,6,33271680
0.007528,817,79,650,0.00390625,0.03125,2,41952950
0.10348,515,883,528,0.03125,0.000488281,3,240105360
0.01236,159,393,776,6.10E-05,0.00195312,5,48489912
0.004424,599,596,166,0.00012207,0.0625,1,59262664
0.026387,752,845,669,6.10E-05,0.015625,1,425109360
0.004725,655,298,290,0.000488281,0.000244141,3,56605100
0.001535,77,103,350,0.000488281,0.125,1,2775850
0.051161,128,982,567,0.03125,7.63E-06,1,71269632
0.002324,923,90,107,0.015625,0.0078125,6,8888490
0.010822,425,299,750,0.000244141,1.53E-05,2,95306250
0.027642,417,801,836,7.63E-06,0.000488281,4,279238212
0.021796,804,580,710,3.81E-06,1,4,331087200
0.009877,96,470,518,6.10E-05,0.00195312,1,23372160
0.003781,315,44,986,0.00195312,0.015625,4,13665960
0.301006,727,286,1014,0.125,0.03125,6,210832908
0.925954,899,193,913,0.5,0.0625,2,158411891
0.028066,314,759,769,0.000976562,0.000244141,4,183272694
3.40E-05,208,5,31,0.00195312,0.015625,3,32240
0.178102,58,654,733,0.5,0.125,2,27804156
0.007869,952,43,818,1,0.000976562,5,33485648
0.016702,314,811,245,0.0078125,1,6,62390230
0.015317,891,648,517,3.81E-06,0.0625,5,298499256
0.002774,273,330,201,1.53E-05,0.00195312,6,18108090
0.000416,628,7,75,0.0625,0.5,3,329700
0.015255,134,945,354,1,0.03125,1,44827020
0.012655,444,853,119,0.015625,3.05E-05,6,45069108
0.003256,896,678,51,0.00390625,1,3,30981888
0.006271,570,551,1020,1,0.000244141,5,320351400
0.042836,175,1011,393,0.03125,6.10E-05,6,69531525
0.077458,81,314,925,0.25,0.000976562,3,23526450
0.018312,400,659,643,0.00012207,0.03125,6,169494800
0.000425,55,577,764,1,3.05E-05,4,24245540
0.005109,806,264,325,0.00012207,0.00195312,6,69154800
0.006478,51,659,237,0.000244141,0.000244141,3,7965333
0.014506,573,562,591,1.53E-05,0.0078125,2,190317366
0.036664,911,543,60,1,1,3,29680380
0.13381,696,355,720,0.0625,0.5,3,177897600
0.024326,200,522,935,0.00195312,3.05E-05,2,97614000
0.127124,987,745,131,0.125,1,4,96326265
0.002818,650,363,127,0.000976562,0.00390625,6,29965650
0.480145,859,304,840,1,0.25,5,219354240
0.029609,865,116,375,0.0625,0.000976562,5,37627500
0.020311,125,609,661,0.00390625,0.000488281,6,50318625
0.030079,890,366,606,0.0078125,0.125,2,197398440
0.017477,925,790,401,0.000244141,0.125,4,293030750
0.008028,501,147,810,0.000976562,0.0078125,5,59654070
0.008783,919,173,339,0.0078125,0.03125,1,53896593
0.002231,562,1012,46,0.000488281,3.05E-05,3,26162224
0.147225,897,521,223,0.125,1.53E-05,5,104216151
0.004948,123,1017,107,0.00195312,0.000244141,3,13384737
0.394691,278,784,630,0.25,3.05E-05,6,137309760
0.286159,929,968,812,0.03125,0.25,3,730208864
0.01604,317,917,410,0.000244141,3.05E-05,6,119182490
0.180493,980,815,1017,0.015625,0.25,2,812277900
0.047173,275,739,82,0.25,0.00012207,6,16664450